,cropped_image,text_easyocr,confidence_easyocr,text_ppocr,confidence_ppocr
0,"[[[243 243 243]
  [232 232 232]
  [186 186 186]
  ...
  [255 255 255]
  [253 253 253]
  [252 252 252]]

 [[255 255 255]
  [190 190 190]
  [ 73  73  73]
  ...
  [245 245 245]
  [255 255 255]
  [255 255 255]]

 [[254 254 254]
  [198 198 198]
  [165 165 165]
  ...
  [254 254 254]
  [253 253 253]
  [251 251 251]]

 ...

 [[241 241 241]
  [232 232 232]
  [188 188 188]
  ...
  [255 255 255]
  [247 247 247]
  [255 255 255]]

 [[255 255 255]
  [255 255 255]
  [255 255 255]
  ...
  [255 255 255]
  [255 255 255]
  [255 255 255]]

 [[255 255 255]
  [255 255 255]
  [255 255 255]
  ...
  [255 255 255]
  [255 255 255]
  [255 255 255]]]",insrucucns Itom us.,28.8,instructions from us.,97.8
1,"[[[255 255 255]
  [255 255 255]
  [255 255 255]
  ...
  [238 238 238]
  [255 255 255]
  [255 255 255]]

 [[255 255 255]
  [241 241 241]
  [244 244 244]
  ...
  [255 255 255]
  [255 255 255]
  [255 255 255]]

 [[247 247 247]
  [252 252 252]
  [245 245 245]
  ...
  [248 248 248]
  [255 255 255]
  [255 255 255]]

 ...

 [[255 255 255]
  [253 253 253]
  [239 239 239]
  ...
  [244 244 244]
  [255 255 255]
  [255 255 255]]

 [[241 241 241]
  [242 242 242]
  [252 252 252]
  ...
  [255 255 255]
  [255 255 255]
  [255 255 255]]

 [[255 255 255]
  [255 255 255]
  [253 253 253]
  ...
  [248 248 248]
  [255 255 255]
  [255 255 255]]]",out Gur ndvorisement nmheut speciic,14.9,out our advertisement without spscific,88.6
2,"[[[249 249 249]
  [249 249 249]
  [255 255 255]
  ...
  [252 252 252]
  [254 254 254]
  [239 239 239]]

 [[254 254 254]
  [236 236 236]
  [242 242 242]
  ...
  [241 241 241]
  [237 237 237]
  [255 255 255]]

 [[254 254 254]
  [255 255 255]
  [238 238 238]
  ...
  [216 216 216]
  [229 229 229]
  [235 235 235]]

 ...

 [[252 252 252]
  [253 253 253]
  [247 247 247]
  ...
  [124 124 124]
  [248 248 248]
  [250 250 250]]

 [[242 242 242]
  [255 255 255]
  [255 255 255]
  ...
  [255 255 255]
  [255 255 255]
  [255 255 255]]

 [[240 240 240]
  [255 255 255]
  [255 255 255]
  ...
  [255 255 255]
  [255 255 255]
  [255 255 255]]]",Undet no cltcumslanc39 8/0 Youi0 50170,6.0,Under no circumstances aze you to space,93.5
3,"[[[255 255 255]
  [250 250 250]
  [255 255 255]
  [249 249 249]
  [252 252 252]
  [254 254 254]
  [255 255 255]
  [255 255 255]
  [249 249 249]]

 [[255 255 255]
  [240 240 240]
  [255 255 255]
  [239 239 239]
  [210 210 210]
  [190 190 190]
  [236 236 236]
  [224 224 224]
  [255 255 255]]

 [[255 255 255]
  [240 240 240]
  [  9   9   9]
  [ 67  67  67]
  [ 48  48  48]
  [ 15  15  15]
  [138 138 138]
  [255 255 255]
  [241 241 241]]

 [[255 255 255]
  [184 184 184]
  [ 70  70  70]
  [255 255 255]
  [254 254 254]
  [247 247 247]
  [255 255 255]
  [238 238 238]
  [255 255 255]]

 [[255 255 255]
  [218 218 218]
  [ 55  55  55]
  [169 169 169]
  [153 153 153]
  [ 81  81  81]
  [235 235 235]
  [244 244 244]
  [253 253 253]]

 [[255 255 255]
  [204 204 204]
  [  0   0   0]
  [ 56  56  56]
  [ 37  37  37]
  [ 39  39  39]
  [218 218 218]
  [254 254 254]
  [255 255 255]]

 [[255 255 255]
  [199 199 199]
  [ 78  78  78]
  [251 251 251]
  [255 255 255]
  [252 252 252]
  [253 253 253]
  [250 250 250]
  [230 230 230]]

 [[255 255 255]
  [219 219 219]
  [  6   6   6]
  [ 71  71  71]
  [ 67  67  67]
  [ 59  59  59]
  [139 139 139]
  [160 160 160]
  [ 76  76  76]]

 [[255 255 255]
  [221 221 221]
  [112 112 112]
  [ 77  77  77]
  [ 88  88  88]
  [ 87  87  87]
  [145 145 145]
  [191 191 191]
  [148 148 148]]]",E,27.4,E,99.2
4,"[[[243 243 243]
  [255 255 255]
  [243 243 243]
  ...
  [255 255 255]
  [232 232 232]
  [182 182 182]]

 [[255 255 255]
  [255 255 255]
  [188 188 188]
  ...
  [236 236 236]
  [ 46  46  46]
  [113 113 113]]

 [[255 255 255]
  [203 203 203]
  [ 15  15  15]
  ...
  [119 119 119]
  [ 57  57  57]
  [255 255 255]]

 ...

 [[165 165 165]
  [255 255 255]
  [255 255 255]
  ...
  [254 254 254]
  [248 248 248]
  [254 254 254]]

 [[253 253 253]
  [231 231 231]
  [240 240 240]
  ...
  [255 255 255]
  [251 251 251]
  [255 255 255]]

 [[255 255 255]
  [255 255 255]
  [255 255 255]
  ...
  [253 253 253]
  [253 253 253]
  [255 255 255]]]",4TTN: STEVE MollOY,14.4,ATTN: STEVE MOLLOY,93.0
5,"[[[255 255 255]
  [255 255 255]
  [247 247 247]
  [251 251 251]
  [238 238 238]
  [237 237 237]
  [255 255 255]
  [255 255 255]
  [217 217 217]
  [255 255 255]
  [250 250 250]
  [246 246 246]
  [246 246 246]
  [255 255 255]
  [255 255 255]
  [247 247 247]
  [254 254 254]
  [240 240 240]
  [255 255 255]
  [248 248 248]
  [242 242 242]
  [247 247 247]
  [255 255 255]
  [247 247 247]
  [243 243 243]]

 [[254 254 254]
  [250 250 250]
  [246 246 246]
  [255 255 255]
  [255 255 255]
  [255 255 255]
  [249 249 249]
  [207 207 207]
  [121 121 121]
  [232 232 232]
  [251 251 251]
  [255 255 255]
  [255 255 255]
  [229 229 229]
  [241 241 241]
  [255 255 255]
  [242 242 242]
  [255 255 255]
  [251 251 251]
  [255 255 255]
  [255 255 255]
  [250 250 250]
  [241 241 241]
  [255 255 255]
  [255 255 255]]

 [[251 251 251]
  [250 250 250]
  [255 255 255]
  [253 253 253]
  [255 255 255]
  [251 251 251]
  [250 250 250]
  [155 155 155]
  [ 63  63  63]
  [240 240 240]
  [244 244 244]
  [246 246 246]
  [218 218 218]
  [255 255 255]
  [255 255 255]
  [230 230 230]
  [220 220 220]
  [246 246 246]
  [255 255 255]
  [237 237 237]
  [205 205 205]
  [216 216 216]
  [255 255 255]
  [248 248 248]
  [238 238 238]]

 [[245 245 245]
  [255 255 255]
  [231 231 231]
  [143 143 143]
  [ 60  60  60]
  [ 77  77  77]
  [255 255 255]
  [108 108 108]
  [ 34  34  34]
  [255 255 255]
  [ 82  82  82]
  [ 22  22  22]
  [ 61  61  61]
  [224 224 224]
  [234 234 234]
  [ 56  56  56]
  [  4   4   4]
  [ 71  71  71]
  [230 230 230]
  [130 130 130]
  [  7   7   7]
  [ 41  41  41]
  [240 240 240]
  [255 255 255]
  [255 255 255]]

 [[247 247 247]
  [255 255 255]
  [212 212 212]
  [ 65  65  65]
  [ 97  97  97]
  [ 59  59  59]
  [194 194 194]
  [111 111 111]
  [150 150 150]
  [213 213 213]
  [ 58  58  58]
  [193 193 193]
  [ 71  71  71]
  [113 113 113]
  [219 219 219]
  [ 48  48  48]
  [192 192 192]
  [ 13  13  13]
  [142 142 142]
  [ 69  69  69]
  [ 42  42  42]
  [199 199 199]
  [255 255 255]
  [236 236 236]
  [255 255 255]]

 [[255 255 255]
  [234 234 234]
  [171 171 171]
  [ 86  86  86]
  [254 254 254]
  [232 232 232]
  [233 233 233]
  [216 216 216]
  [175 175 175]
  [178 178 178]
  [ 54  54  54]
  [180 180 180]
  [119 119 119]
  [193 193 193]
  [214 214 214]
  [ 24  24  24]
  [156 156 156]
  [ 84  84  84]
  [192 192 192]
  [149 149 149]
  [102 102 102]
  [251 251 251]
  [255 255 255]
  [248 248 248]
  [247 247 247]]

 [[247 247 247]
  [255 255 255]
  [204 204 204]
  [ 75  75  75]
  [197 197 197]
  [109 109 109]
  [220 220 220]
  [136 136 136]
  [ 45  45  45]
  [215 215 215]
  [ 87  87  87]
  [190 190 190]
  [151 151 151]
  [247 247 247]
  [ 98  98  98]
  [ 88  88  88]
  [192 192 192]
  [ 44  44  44]
  [143 143 143]
  [ 88  88  88]
  [107 107 107]
  [250 250 250]
  [163 163 163]
  [153 153 153]
  [248 248 248]]

 [[242 242 242]
  [255 255 255]
  [252 252 252]
  [136 136 136]
  [  0   0   0]
  [ 67  67  67]
  [254 254 254]
  [150 150 150]
  [ 92  92  92]
  [255 255 255]
  [151 151 151]
  [ 26  26  26]
  [108 108 108]
  [232 232 232]
  [222 222 222]
  [ 55  55  55]
  [ 48  48  48]
  [ 97  97  97]
  [113 113 113]
  [165 165 165]
  [155 155 155]
  [242 242 242]
  [119 119 119]
  [120 120 120]
  [245 245 245]]

 [[255 255 255]
  [241 241 241]
  [245 245 245]
  [254 254 254]
  [239 239 239]
  [254 254 254]
  [255 255 255]
  [244 244 244]
  [255 255 255]
  [243 243 243]
  [252 252 252]
  [237 237 237]
  [227 227 227]
  [255 255 255]
  [255 255 255]
  [234 234 234]
  [247 247 247]
  [254 254 254]
  [245 245 245]
  [255 255 255]
  [255 255 255]
  [255 255 255]
  [229 229 229]
  [242 242 242]
  [255 255 255]]

 [[253 253 253]
  [241 241 241]
  [254 254 254]
  [255 255 255]
  [241 241 241]
  [239 239 239]
  [251 251 251]
  [243 243 243]
  [253 253 253]
  [255 255 255]
  [241 241 241]
  [254 254 254]
  [255 255 255]
  [248 248 248]
  [241 241 241]
  [251 251 251]
  [255 255 255]
  [248 248 248]
  [255 255 255]
  [248 248 248]
  [249 249 249]
  [243 243 243]
  [251 251 251]
  [255 255 255]
  [248 248 248]]

 [[246 246 246]
  [255 255 255]
  [255 255 255]
  [218 218 218]
  [255 255 255]
  [253 253 253]
  [242 242 242]
  [255 255 255]
  [237 237 237]
  [243 243 243]
  [255 255 255]
  [247 247 247]
  [255 255 255]
  [244 244 244]
  [255 255 255]
  [254 254 254]
  [254 254 254]
  [251 251 251]
  [255 255 255]
  [255 255 255]
  [255 255 255]
  [255 255 255]
  [251 251 251]
  [240 240 240]
  [255 255 255]]]",cxcos:,18.7,clear.,97.7
6,"[[[239 239 239]
  [255 255 255]
  [255 255 255]
  ...
  [255 255 255]
  [255 255 255]
  [232 232 232]]

 [[244 244 244]
  [240 240 240]
  [253 253 253]
  ...
  [112 112 112]
  [112 112 112]
  [238 238 238]]

 [[198 198 198]
  [ 25  25  25]
  [205 205 205]
  ...
  [168 168 168]
  [ 75  75  75]
  [158 158 158]]

 ...

 [[161 161 161]
  [ 81  81  81]
  [247 247 247]
  ...
  [  0   0   0]
  [103 103 103]
  [216 216 216]]

 [[192 192 192]
  [ 92  92  92]
  [241 241 241]
  ...
  [231 231 231]
  [246 246 246]
  [252 252 252]]

 [[224 224 224]
  [221 221 221]
  [255 255 255]
  ...
  [255 255 255]
  [255 255 255]
  [255 255 255]]]",Nzv YORK NEw YCRk 1C16-5838,6.8,NEW YORKNEWYORK10016-5896,93.4
7,"[[[255 255 255]
  [255 255 255]
  [255 255 255]
  ...
  [255 255 255]
  [255 255 255]
  [255 255 255]]

 [[255 255 255]
  [255 255 255]
  [255 255 255]
  ...
  [255 255 255]
  [255 255 255]
  [255 255 255]]

 [[243 243 243]
  [253 253 253]
  [255 255 255]
  ...
  [255 255 255]
  [255 255 255]
  [243 243 243]]

 ...

 [[255 255 255]
  [255 255 255]
  [250 250 250]
  ...
  [255 255 255]
  [255 255 255]
  [255 255 255]]

 [[253 253 253]
  [241 241 241]
  [255 255 255]
  ...
  [255 255 255]
  [255 255 255]
  [255 255 255]]

 [[255 255 255]
  [248 248 248]
  [237 237 237]
  ...
  [255 255 255]
  [255 255 255]
  [255 255 255]]]",Adviso us et onco # iastrucjons 1*0 na,11.9,Advise us at once instructions are not,94.8
8,"[[[255 255 255]
  [248 248 248]
  [255 255 255]
  [244 244 244]
  [255 255 255]
  [255 255 255]
  [249 249 249]
  [254 254 254]
  [255 255 255]
  [255 255 255]
  [255 255 255]]

 [[255 255 255]
  [255 255 255]
  [238 238 238]
  [255 255 255]
  [249 249 249]
  [255 255 255]
  [247 247 247]
  [254 254 254]
  [254 254 254]
  [251 251 251]
  [250 250 250]]

 [[255 255 255]
  [231 231 231]
  [ 96  96  96]
  [ 38  38  38]
  [ 42  42  42]
  [ 62  62  62]
  [199 199 199]
  [255 255 255]
  [245 245 245]
  [255 255 255]
  [255 255 255]]

 [[255 255 255]
  [220 220 220]
  [  0   0   0]
  [ 98  98  98]
  [115 115 115]
  [108 108 108]
  [ 35  35  35]
  [191 191 191]
  [255 255 255]
  [254 254 254]
  [249 249 249]]

 [[255 255 255]
  [222 222 222]
  [  0   0   0]
  [216 216 216]
  [255 255 255]
  [251 251 251]
  [ 60  60  60]
  [ 99  99  99]
  [255 255 255]
  [244 244 244]
  [240 240 240]]

 [[255 255 255]
  [213 213 213]
  [ 15  15  15]
  [202 202 202]
  [236 236 236]
  [255 255 255]
  [186 186 186]
  [ 96  96  96]
  [255 255 255]
  [255 255 255]
  [255 255 255]]

 [[255 255 255]
  [216 216 216]
  [ 46  46  46]
  [255 255 255]
  [255 255 255]
  [242 242 242]
  [111 111 111]
  [157 157 157]
  [255 255 255]
  [231 231 231]
  [255 255 255]]

 [[255 255 255]
  [195 195 195]
  [ 32  32  32]
  [156 156 156]
  [161 161 161]
  [ 90  90  90]
  [ 42  42  42]
  [249 249 249]
  [166 166 166]
  [143 143 143]
  [237 237 237]]

 [[255 255 255]
  [220 220 220]
  [ 46  46  46]
  [  0   0   0]
  [  7   7   7]
  [ 49  49  49]
  [130 130 130]
  [238 238 238]
  [137 137 137]
  [114 114 114]
  [235 235 235]]

 [[255 255 255]
  [255 255 255]
  [249 249 249]
  [207 207 207]
  [192 192 192]
  [254 254 254]
  [246 246 246]
  [255 255 255]
  [255 255 255]
  [232 232 232]
  [255 255 255]]]",D,72.4,D.,99.3
9,"[[[246 246 246]
  [245 245 245]
  [255 255 255]
  ...
  [242 242 242]
  [251 251 251]
  [239 239 239]]

 [[249 249 249]
  [255 255 255]
  [239 239 239]
  ...
  [230 230 230]
  [255 255 255]
  [253 253 253]]

 [[255 255 255]
  [252 252 252]
  [249 249 249]
  ...
  [ 35  35  35]
  [250 250 250]
  [255 255 255]]

 ...

 [[255 255 255]
  [253 253 253]
  [236 236 236]
  ...
  [227 227 227]
  [235 235 235]
  [255 255 255]]

 [[255 255 255]
  [251 251 251]
  [246 246 246]
  ...
  [255 255 255]
  [252 252 252]
  [255 255 255]]

 [[244 244 244]
  [255 255 255]
  [239 239 239]
  ...
  [246 246 246]
  [255 255 255]
  [254 254 254]]]",ItthaCoR,10.9,17THFLOOR,97.3
10,"[[[255 255 255]
  [255 255 255]
  [255 255 255]
  ...
  [255 255 255]
  [255 255 255]
  [255 255 255]]

 [[255 255 255]
  [255 255 255]
  [255 255 255]
  ...
  [255 255 255]
  [255 255 255]
  [255 255 255]]

 [[255 255 255]
  [255 255 255]
  [255 255 255]
  ...
  [255 255 255]
  [255 255 255]
  [255 255 255]]

 ...

 [[255 255 255]
  [255 255 255]
  [255 255 255]
  ...
  [255 255 255]
  [255 255 255]
  [255 255 255]]

 [[255 255 255]
  [255 255 255]
  [255 255 255]
  ...
  [255 255 255]
  [255 255 255]
  [255 255 255]]

 [[255 255 255]
  [255 255 255]
  [255 255 255]
  ...
  [255 255 255]
  [255 255 255]
  [255 255 255]]]",1,97.8,,0.0
11,"[[[255 255 255]
  [245 245 245]
  [255 255 255]
  ...
  [255 255 255]
  [229 229 229]
  [254 254 254]]

 [[255 255 255]
  [255 255 255]
  [222 222 222]
  ...
  [255 255 255]
  [255 255 255]
  [252 252 252]]

 [[255 255 255]
  [254 254 254]
  [253 253 253]
  ...
  [254 254 254]
  [242 242 242]
  [254 254 254]]

 ...

 [[255 255 255]
  [250 250 250]
  [247 247 247]
  ...
  [255 255 255]
  [247 247 247]
  [249 249 249]]

 [[255 255 255]
  [255 255 255]
  [255 255 255]
  ...
  [251 251 251]
  [248 248 248]
  [254 254 254]]

 [[255 255 255]
  [246 246 246]
  [245 245 245]
  ...
  [255 255 255]
  [255 255 255]
  [255 255 255]]]",CNE ?ARK AVENuE,28.6,ONE PARK AVENUE,95.6
12,"[[[255 255 255]
  [235 235 235]
  [250 250 250]
  ...
  [255 255 255]
  [250 250 250]
  [255 255 255]]

 [[251 251 251]
  [255 255 255]
  [255 255 255]
  ...
  [248 248 248]
  [249 249 249]
  [255 255 255]]

 [[253 253 253]
  [255 255 255]
  [224 224 224]
  ...
  [246 246 246]
  [255 255 255]
  [255 255 255]]

 ...

 [[255 255 255]
  [ 59  59  59]
  [195 195 195]
  ...
  [237 237 237]
  [226 226 226]
  [ 34  34  34]]

 [[248 248 248]
  [ 80  80  80]
  [208 208 208]
  ...
  [255 255 255]
  [244 244 244]
  [174 174 174]]

 [[255 255 255]
  [189 189 189]
  [252 252 252]
  ...
  [ 74  74  74]
  [193 193 193]
  [250 250 250]]]",Poor Prntnaxiluatbo ppicor,14.2,Poor printng w not be paid for,92.0
13,"[[[252 252 252]
  [255 255 255]
  [244 244 244]
  [115 115 115]
  [144 144 144]
  [249 249 249]
  [255 255 255]
  [248 248 248]
  [255 255 255]
  [255 255 255]
  [255 255 255]]

 [[251 251 251]
  [177 177 177]
  [  0   0   0]
  [103 103 103]
  [ 46  46  46]
  [ 15  15  15]
  [178 178 178]
  [255 255 255]
  [255 255 255]
  [255 255 255]
  [255 255 255]]

 [[216 216 216]
  [ 35  35  35]
  [226 226 226]
  [255 255 255]
  [245 245 245]
  [ 52  52  52]
  [119 119 119]
  [251 251 251]
  [255 255 255]
  [255 255 255]
  [255 255 255]]

 [[133 133 133]
  [ 63  63  63]
  [252 252 252]
  [255 255 255]
  [245 245 245]
  [216 216 216]
  [198 198 198]
  [255 255 255]
  [246 246 246]
  [255 255 255]
  [254 254 254]]

 [[ 94  94  94]
  [ 42  42  42]
  [255 255 255]
  [233 233 233]
  [255 255 255]
  [221 221 221]
  [206 206 206]
  [255 255 255]
  [255 255 255]
  [249 249 249]
  [239 239 239]]

 [[207 207 207]
  [  1   1   1]
  [143 143 143]
  [243 243 243]
  [204 204 204]
  [ 23  23  23]
  [123 123 123]
  [246 246 246]
  [224 224 224]
  [255 255 255]
  [249 249 249]]

 [[244 244 244]
  [184 184 184]
  [  1   1   1]
  [  0   0   0]
  [  0   0   0]
  [ 71  71  71]
  [255 255 255]
  [ 87  87  87]
  [ 82  82  82]
  [218 218 218]
  [255 255 255]]

 [[255 255 255]
  [248 248 248]
  [191 191 191]
  [185 185 185]
  [189 189 189]
  [249 249 249]
  [245 245 245]
  [223 223 223]
  [243 243 243]
  [255 255 255]
  [246 246 246]]]",C,97.5,C.,98.6
14,"[[[247 247 247]
  [247 247 247]
  [255 255 255]
  ...
  [250 250 250]
  [255 255 255]
  [254 254 254]]

 [[255 255 255]
  [247 247 247]
  [251 251 251]
  ...
  [254 254 254]
  [246 246 246]
  [241 241 241]]

 [[255 255 255]
  [234 234 234]
  [255 255 255]
  ...
  [142 142 142]
  [255 255 255]
  [255 255 255]]

 ...

 [[203 203 203]
  [140 140 140]
  [211 211 211]
  ...
  [ 38  38  38]
  [242 242 242]
  [246 246 246]]

 [[202 202 202]
  [  0   0   0]
  [  1   1   1]
  ...
  [210 210 210]
  [238 238 238]
  [255 255 255]]

 [[255 255 255]
  [252 252 252]
  [217 217 217]
  ...
  [255 255 255]
  [241 241 241]
  [249 249 249]]]",LCrILLAAD Mec : SERVICES,8.3,LORILLARD MEDIA SERVICES,92.8
15,"[[[254 254 254]
  [242 242 242]
  [255 255 255]
  ...
  [239 239 239]
  [253 253 253]
  [228 228 228]]

 [[246 246 246]
  [247 247 247]
  [255 255 255]
  ...
  [255 255 255]
  [246 246 246]
  [255 255 255]]

 [[247 247 247]
  [255 255 255]
  [253 253 253]
  ...
  [242 242 242]
  [251 251 251]
  [244 244 244]]

 ...

 [[254 254 254]
  [242 242 242]
  [255 255 255]
  ...
  [223 223 223]
  [255 255 255]
  [238 238 238]]

 [[255 255 255]
  [255 255 255]
  [255 255 255]
  ...
  [255 255 255]
  [255 255 255]
  [255 255 255]]

 [[255 255 255]
  [255 255 255]
  [255 255 255]
  ...
  [255 255 255]
  [255 255 255]
  [255 255 255]]]",Adwso Us promply d rot sa lalactory;,14.6,"Advise us prompty not satsfactory,",92.5
16,"[[[253 253 253]
  [238 238 238]
  [255 255 255]
  ...
  [244 244 244]
  [244 244 244]
  [166 166 166]]

 [[255 255 255]
  [235 235 235]
  [252 252 252]
  ...
  [236 236 236]
  [255 255 255]
  [255 255 255]]

 [[255 255 255]
  [255 255 255]
  [244 244 244]
  ...
  [254 254 254]
  [248 248 248]
  [240 240 240]]

 ...

 [[248 248 248]
  [247 247 247]
  [255 255 255]
  ...
  [245 245 245]
  [233 233 233]
  [255 255 255]]

 [[255 255 255]
  [240 240 240]
  [252 252 252]
  ...
  [255 255 255]
  [255 255 255]
  [255 255 255]]

 [[240 240 240]
  [255 255 255]
  [255 255 255]
  ...
  [246 246 246]
  [251 251 251]
  [243 243 243]]]",of cll jog onal and nabonal aditjats %0.,6.6,of all regional and national editions to:,87.4
17,"[[[239 239 239]
  [234 234 234]
  [255 255 255]
  ...
  [251 251 251]
  [255 255 255]
  [250 250 250]]

 [[255 255 255]
  [255 255 255]
  [255 255 255]
  ...
  [242 242 242]
  [255 255 255]
  [255 255 255]]

 [[255 255 255]
  [250 250 250]
  [206 206 206]
  ...
  [247 247 247]
  [255 255 255]
  [255 255 255]]

 ...

 [[242 242 242]
  [255 255 255]
  [244 244 244]
  ...
  [255 255 255]
  [252 252 252]
  [246 246 246]]

 [[247 247 247]
  [255 255 255]
  [255 255 255]
  ...
  [255 255 255]
  [248 248 248]
  [248 248 248]]

 [[255 255 255]
  [253 253 253]
  [255 255 255]
  ...
  [234 234 234]
  [255 255 255]
  [254 254 254]]]","They should produco Sood Prinbn; t8sulis,",10.6,They should produce good printin results,90.1
18,"[[[255 255 255]
  [255 255 255]
  [255 255 255]
  ...
  [255 255 255]
  [255 255 255]
  [255 255 255]]

 [[244 244 244]
  [255 255 255]
  [255 255 255]
  ...
  [250 250 250]
  [255 255 255]
  [242 242 242]]

 [[255 255 255]
  [252 252 252]
  [247 247 247]
  ...
  [255 255 255]
  [254 254 254]
  [255 255 255]]

 ...

 [[253 253 253]
  [238 238 238]
  [255 255 255]
  ...
  [248 248 248]
  [244 244 244]
  [254 254 254]]

 [[255 255 255]
  [235 235 235]
  [252 252 252]
  ...
  [247 247 247]
  [255 255 255]
  [255 255 255]]

 [[255 255 255]
  [255 255 255]
  [244 244 244]
  ...
  [255 255 255]
  [255 255 255]
  [253 253 253]]]",Cirect a invoicus und full cnecking corios,11.4,Direct all invoices and full checking copios,92.0
19,"[[[255 255 255]
  [255 255 255]
  [255 255 255]
  ...
  [255 255 255]
  [255 255 255]
  [255 255 255]]

 [[248 248 248]
  [254 254 254]
  [244 244 244]
  ...
  [248 248 248]
  [255 255 255]
  [243 243 243]]

 [[238 238 238]
  [255 255 255]
  [255 255 255]
  ...
  [249 249 249]
  [255 255 255]
  [253 253 253]]

 ...

 [[255 255 255]
  [255 255 255]
  [236 236 236]
  ...
  [249 249 249]
  [255 255 255]
  [252 252 252]]

 [[239 239 239]
  [234 234 234]
  [255 255 255]
  ...
  [255 255 255]
  [251 251 251]
  [255 255 255]]

 [[255 255 255]
  [255 255 255]
  [255 255 255]
  ...
  [254 254 254]
  [242 242 242]
  [255 255 255]]]",Pleaao inspoc: rcpro malarial immealately.,23.3,"Please inspoct repro material immedlately,",91.0
20,"[[[255 255 255]
  [245 245 245]
  [255 255 255]
  ...
  [245 245 245]
  [255 255 255]
  [248 248 248]]

 [[255 255 255]
  [255 255 255]
  [247 247 247]
  ...
  [238 238 238]
  [250 250 250]
  [255 255 255]]

 [[243 243 243]
  [250 250 250]
  [238 238 238]
  ...
  [245 245 245]
  [255 255 255]
  [252 252 252]]

 ...

 [[246 246 246]
  [255 255 255]
  [241 241 241]
  ...
  [243 243 243]
  [255 255 255]
  [255 255 255]]

 [[255 255 255]
  [255 255 255]
  [255 255 255]
  ...
  [255 255 255]
  [255 255 255]
  [255 255 255]]

 [[255 255 255]
  [255 255 255]
  [255 255 255]
  ...
  [255 255 255]
  [255 255 255]
  [255 255 255]]]",[osocc ,3.5,respect.,99.2
21,"[[[255 255 255]
  [253 253 253]
  [255 255 255]
  ...
  [237 237 237]
  [247 247 247]
  [255 255 255]]

 [[255 255 255]
  [240 240 240]
  [242 242 242]
  ...
  [255 255 255]
  [255 255 255]
  [255 255 255]]

 [[252 252 252]
  [255 255 255]
  [249 249 249]
  ...
  [255 255 255]
  [245 245 245]
  [255 255 255]]

 ...

 [[248 248 248]
  [227 227 227]
  [117 117 117]
  ...
  [235 235 235]
  [255 255 255]
  [255 255 255]]

 [[248 248 248]
  [255 255 255]
  [245 245 245]
  ...
  [255 255 255]
  [230 230 230]
  [255 255 255]]

 [[255 255 255]
  [245 245 245]
  [248 248 248]
  ...
  [246 246 246]
  [255 255 255]
  [255 255 255]]]",LORILLAAD #eDiA SeaMCES,15.8,LORILLARD MEDIA SERVICES,95.8
22,"[[[253 253 253]
  [252 252 252]
  [255 255 255]
  ...
  [255 255 255]
  [255 255 255]
  [255 255 255]]

 [[251 251 251]
  [255 255 255]
  [163 163 163]
  ...
  [248 248 248]
  [235 235 235]
  [250 250 250]]

 [[245 245 245]
  [207 207 207]
  [ 33  33  33]
  ...
  [ 89  89  89]
  [200 200 200]
  [241 241 241]]

 ...

 [[246 246 246]
  [255 255 255]
  [145 145 145]
  ...
  [255 255 255]
  [255 255 255]
  [255 255 255]]

 [[255 255 255]
  [255 255 255]
  [247 247 247]
  ...
  [242 242 242]
  [255 255 255]
  [255 255 255]]

 [[252 252 252]
  [238 238 238]
  [250 250 250]
  ...
  [255 255 255]
  [255 255 255]
  [255 255 255]]]",tmeko #Lro # cortospondsin Ovofy,10.3,to meke sure it correspondsin overy,91.5
23,"[[[255 255 255]
  [155 155 155]
  [  1   1   1]
  [129 129 129]
  [250 250 250]
  [252 252 252]]

 [[242 242 242]
  [ 67  67  67]
  [ 89  89  89]
  [ 54  54  54]
  [255 255 255]
  [254 254 254]]

 [[224 224 224]
  [ 81  81  81]
  [217 217 217]
  [101 101 101]
  [234 234 234]
  [249 249 249]]

 [[149 149 149]
  [ 50  50  50]
  [ 59  59  59]
  [  0   0   0]
  [ 70  70  70]
  [255 255 255]]

 [[  6   6   6]
  [111 111 111]
  [222 222 222]
  [160 160 160]
  [ 47  47  47]
  [249 249 249]]]",I,1.0,A,51.2
24,"[[[255 255 255]
  [255 255 255]
  [255 255 255]
  ...
  [255 255 255]
  [255 255 255]
  [255 255 255]]

 [[244 244 244]
  [255 255 255]
  [251 251 251]
  ...
  [255 255 255]
  [247 247 247]
  [255 255 255]]

 [[249 249 249]
  [255 255 255]
  [232 232 232]
  ...
  [147 147 147]
  [255 255 255]
  [228 228 228]]

 ...

 [[241 241 241]
  [254 254 254]
  [242 242 242]
  ...
  [255 255 255]
  [255 255 255]
  [252 252 252]]

 [[255 255 255]
  [255 255 255]
  [252 252 252]
  ...
  [251 251 251]
  [253 253 253]
  [255 255 255]]

 [[243 243 243]
  [240 240 240]
  [253 253 253]
  ...
  [250 250 250]
  [251 251 251]
  [255 255 255]]]",Chock material cnrefully 4jainst precl,15.4,Check material carefully against proof,91.6
25,"[[[255 255 255]
  [255 255 255]
  [255 255 255]
  ...
  [255 255 255]
  [255 255 255]
  [255 255 255]]

 [[255 255 255]
  [255 255 255]
  [255 255 255]
  ...
  [255 255 255]
  [255 255 255]
  [255 255 255]]

 [[255 255 255]
  [255 255 255]
  [255 255 255]
  ...
  [255 255 255]
  [255 255 255]
  [255 255 255]]

 ...

 [[255 255 255]
  [255 255 255]
  [246 246 246]
  ...
  [255 255 255]
  [248 248 248]
  [255 255 255]]

 [[255 255 255]
  [255 255 255]
  [255 255 255]
  ...
  [255 255 255]
  [255 255 255]
  [255 255 255]]

 [[255 255 255]
  [255 255 255]
  [255 255 255]
  ...
  [255 255 255]
  [255 255 255]
  [255 255 255]]]",Tnlo #Fjce is bcing ojderej by:,10.3,This space is being ordered by:,93.7
26,"[[[255 255 255]
  [255 255 255]
  [242 242 242]
  ...
  [255 255 255]
  [239 239 239]
  [255 255 255]]

 [[255 255 255]
  [254 254 254]
  [255 255 255]
  ...
  [239 239 239]
  [248 248 248]
  [250 250 250]]

 [[225 225 225]
  [170 170 170]
  [234 234 234]
  ...
  [252 252 252]
  [255 255 255]
  [255 255 255]]

 ...

 [[169 169 169]
  [ 94  94  94]
  [228 228 228]
  ...
  [255 255 255]
  [ 54  54  54]
  [177 177 177]]

 [[168 168 168]
  [111 111 111]
  [218 218 218]
  ...
  [235 235 235]
  [128 128 128]
  [248 248 248]]

 [[222 222 222]
  [188 188 188]
  [255 255 255]
  ...
  [255 255 255]
  [246 246 246]
  [235 235 235]]]",IMFCRTANT INSTRUCTCKS:,36.1,IMPORTANT INSTRUCTIONS:,97.5
27,"[[[242 242 242]
  [255 255 255]
  [255 255 255]
  ...
  [253 253 253]
  [248 248 248]
  [249 249 249]]

 [[255 255 255]
  [255 255 255]
  [232 232 232]
  ...
  [255 255 255]
  [238 238 238]
  [255 255 255]]

 [[244 244 244]
  [232 232 232]
  [120 120 120]
  ...
  [248 248 248]
  [250 250 250]
  [255 255 255]]

 ...

 [[255 255 255]
  [ 62  62  62]
  [ 41  41  41]
  ...
  [ 33  33  33]
  [191 191 191]
  [255 255 255]]

 [[249 249 249]
  [244 244 244]
  [126 126 126]
  ...
  [164 164 164]
  [244 244 244]
  [255 255 255]]

 [[255 255 255]
  [255 255 255]
  [226 226 226]
  ...
  [255 255 255]
  [255 255 255]
  [244 244 244]]]",SPACE BILLING INSTFUCTIONS:,72.6,SPACE BILLING INSTRUCTIONS:,94.7
28,"[[[255 255 255]
  [255 255 255]
  [252 252 252]
  ...
  [249 249 249]
  [247 247 247]
  [251 251 251]]

 [[239 239 239]
  [253 253 253]
  [247 247 247]
  ...
  [255 255 255]
  [255 255 255]
  [243 243 243]]

 [[255 255 255]
  [255 255 255]
  [244 244 244]
  ...
  [155 155 155]
  [238 238 238]
  [255 255 255]]

 ...

 [[240 240 240]
  [185 185 185]
  [ 35  35  35]
  ...
  [246 246 246]
  [239 239 239]
  [255 255 255]]

 [[255 255 255]
  [241 241 241]
  [238 238 238]
  ...
  [255 255 255]
  [241 241 241]
  [247 247 247]]

 [[255 255 255]
  [253 253 253]
  [250 250 250]
  ...
  [248 248 248]
  [252 252 252]
  [255 255 255]]]","5 CoLOR PAOOF ATTACHED, FILM FAOK COLLIER With ""D' WARNING",25.8,"5COLOR PROOF ATTACHED,FILM FROM COLLIER WITH DWARNING",92.0
29,"[[[254 254 254]
  [237 237 237]
  [254 254 254]
  ...
  [ 59  59  59]
  [ 78  78  78]
  [192 192 192]]

 [[244 244 244]
  [208 208 208]
  [176 176 176]
  ...
  [250 250 250]
  [247 247 247]
  [255 255 255]]

 [[246 246 246]
  [172 172 172]
  [ 54  54  54]
  ...
  [244 244 244]
  [239 239 239]
  [255 255 255]]

 ...

 [[255 255 255]
  [255 255 255]
  [255 255 255]
  ...
  [254 254 254]
  [254 254 254]
  [254 254 254]]

 [[255 255 255]
  [255 255 255]
  [255 255 255]
  ...
  [254 254 254]
  [255 255 255]
  [255 255 255]]

 [[255 255 255]
  [255 255 255]
  [255 255 255]
  ...
  [255 255 255]
  [255 255 255]
  [255 255 255]]]","{:  Corijins Croon RJncxere,",0.6,Se Coriains Caron Mnoxide.,76.6
30,"[[[253 253 253]
  [249 249 249]
  [254 254 254]
  ...
  [255 255 255]
  [253 253 253]
  [255 255 255]]

 [[255 255 255]
  [255 255 255]
  [255 255 255]
  ...
  [254 254 254]
  [255 255 255]
  [248 248 248]]

 [[255 255 255]
  [255 255 255]
  [245 245 245]
  ...
  [255 255 255]
  [251 251 251]
  [249 249 249]]

 ...

 [[237 237 237]
  [250 250 250]
  [244 244 244]
  ...
  [255 255 255]
  [253 253 253]
  [255 255 255]]

 [[255 255 255]
  [254 254 254]
  [246 246 246]
  ...
  [251 251 251]
  [255 255 255]
  [253 253 253]]

 [[241 241 241]
  [255 255 255]
  [255 255 255]
  ...
  [255 255 255]
  [255 255 255]
  [248 248 248]]]",";bgecn Geneal""3 ""*pnimG: % Rarette",0.4,SURGECN GENERALS WARNINGCigarette,83.4
31,"[[[255 255 255]
  [253 253 253]
  [255 255 255]
  ...
  [255 255 255]
  [255 255 255]
  [255 255 255]]

 [[250 250 250]
  [255 255 255]
  [255 255 255]
  ...
  [255 255 255]
  [255 255 255]
  [255 255 255]]

 [[249 249 249]
  [255 255 255]
  [196 196 196]
  ...
  [235 235 235]
  [252 252 252]
  [254 254 254]]

 ...

 [[255 255 255]
  [231 231 231]
  [ 66  66  66]
  ...
  [109 109 109]
  [184 184 184]
  [246 246 246]]

 [[235 235 235]
  [255 255 255]
  [244 244 244]
  ...
  [223 223 223]
  [255 255 255]
  [255 255 255]]

 [[255 255 255]
  [248 248 248]
  [255 255 255]
  ...
  [255 255 255]
  [255 255 255]
  [249 249 249]]]",CCFY INSTAUCTICNS:,64.9,COPYINSTAUCTIONS:,97.5
32,"[[[255 255 255]
  [255 255 255]
  [255 255 255]
  ...
  [248 248 248]
  [255 255 255]
  [252 252 252]]

 [[255 255 255]
  [255 255 255]
  [255 255 255]
  ...
  [255 255 255]
  [255 255 255]
  [250 250 250]]

 [[255 255 255]
  [255 255 255]
  [255 255 255]
  ...
  [255 255 255]
  [253 253 253]
  [255 255 255]]

 ...

 [[251 251 251]
  [255 255 255]
  [253 253 253]
  ...
  [253 253 253]
  [255 255 255]
  [253 253 253]]

 [[255 255 255]
  [255 255 255]
  [254 254 254]
  ...
  [ 69  69  69]
  [ 85  85  85]
  [ 78  78  78]]

 [[255 255 255]
  [251 251 251]
  [252 252 252]
  ...
  [193 193 193]
  [193 193 193]
  [193 193 193]]]",~ No edroraladvertiaing matct angiheecelto clguje tas wittin â‚¬ Pu3cs ol Our.44,2.7,-No editorialadvertising matter ansthetcel to cigaretes within 6 pages of our ad.,85.0
33,"[[[255 255 255]
  [223 223 223]
  [184 184 184]
  ...
  [255 255 255]
  [255 255 255]
  [253 253 253]]

 [[255 255 255]
  [255 255 255]
  [255 255 255]
  ...
  [244 244 244]
  [250 250 250]
  [255 255 255]]

 [[255 255 255]
  [244 244 244]
  [242 242 242]
  ...
  [248 248 248]
  [250 250 250]
  [255 255 255]]

 ...

 [[255 255 255]
  [255 255 255]
  [251 251 251]
  ...
  [242 242 242]
  [247 247 247]
  [255 255 255]]

 [[255 255 255]
  [255 255 255]
  [255 255 255]
  ...
  [255 255 255]
  [255 255 255]
  [255 255 255]]

 [[255 255 255]
  [255 255 255]
  [255 255 255]
  ...
  [255 255 255]
  [255 255 255]
  [255 255 255]]]",~nq Coufon ad 0n Dacking Pado: [ - Mantain at least #x Pege scparaticn froti comzostiva aJ6,1.9,-No coupon ad on backing page-Maintain at least six page separation from compostive as.,87.2
34,"[[[255 255 255]
  [255 255 255]
  [255 255 255]
  ...
  [241 241 241]
  [238 238 238]
  [245 245 245]]

 [[255 255 255]
  [232 232 232]
  [250 250 250]
  ...
  [254 254 254]
  [255 255 255]
  [249 249 249]]

 [[255 255 255]
  [255 255 255]
  [247 247 247]
  ...
  [245 245 245]
  [251 251 251]
  [246 246 246]]

 ...

 [[255 255 255]
  [248 248 248]
  [255 255 255]
  ...
  [253 253 253]
  [255 255 255]
  [251 251 251]]

 [[255 255 255]
  [255 255 255]
  [249 249 249]
  ...
  [250 250 250]
  [255 255 255]
  [252 252 252]]

 [[255 255 255]
  [255 255 255]
  [245 245 245]
  ...
  [244 244 244]
  [255 255 255]
  [251 251 251]]]",FAR FOAWARD; OPPOSITE FULL EDITORIAL,67.8,"FAR FORWARD,OPPOSITE FULL EDITORIAL",88.9
35,"[[[255 255 255]
  [255 255 255]
  [255 255 255]
  ...
  [250 250 250]
  [246 246 246]
  [255 255 255]]

 [[255 255 255]
  [255 255 255]
  [244 244 244]
  ...
  [254 254 254]
  [255 255 255]
  [253 253 253]]

 [[255 255 255]
  [255 255 255]
  [244 244 244]
  ...
  [253 253 253]
  [255 255 255]
  [236 236 236]]

 ...

 [[255 255 255]
  [255 255 255]
  [246 246 246]
  ...
  [255 255 255]
  [244 244 244]
  [242 242 242]]

 [[255 255 255]
  [255 255 255]
  [255 255 255]
  ...
  [255 255 255]
  [255 255 255]
  [255 255 255]]

 [[255 255 255]
  [255 255 255]
  [255 255 255]
  ...
  [255 255 255]
  [255 255 255]
  [255 255 255]]]",PositOn UrgENTLY REQUESTED;,22.6,POSITION URGENTLY REQUESTED:,94.2
36,"[[[255 255 255]
  [248 248 248]
  [236 236 236]
  ...
  [230 230 230]
  [241 241 241]
  [255 255 255]]

 [[255 255 255]
  [255 255 255]
  [255 255 255]
  ...
  [242 242 242]
  [250 250 250]
  [255 255 255]]

 [[255 255 255]
  [251 251 251]
  [255 255 255]
  ...
  [250 250 250]
  [255 255 255]
  [250 250 250]]

 ...

 [[255 255 255]
  [255 255 255]
  [244 244 244]
  ...
  [254 254 254]
  [246 246 246]
  [255 255 255]]

 [[255 255 255]
  [255 255 255]
  [255 255 255]
  ...
  [253 253 253]
  [253 253 253]
  [253 253 253]]

 [[255 255 255]
  [255 255 255]
  [255 255 255]
  ...
  [255 255 255]
  [255 255 255]
  [255 255 255]]]","CanBE Allowed SHOuld This Advert SEment APPEAR IncorreCTLy OrOnA DATE OTHer THiAN THAT Avthorizzd,",1.3,CAN BE ALLOWED SHOULD THIS ADVERTISEMENT APPEAR INCORRECTLY OR ONA DATE OTHER THAN THAT AUTHORIZED.,93.3
37,"[[[255 255 255]
  [255 255 255]
  [255 255 255]
  ...
  [255 255 255]
  [255 255 255]
  [255 255 255]]

 [[255 255 255]
  [255 255 255]
  [255 255 255]
  ...
  [253 253 253]
  [255 255 255]
  [255 255 255]]

 [[255 255 255]
  [255 255 255]
  [255 255 255]
  ...
  [245 245 245]
  [250 250 250]
  [255 255 255]]

 ...

 [[255 255 255]
  [255 255 255]
  [255 255 255]
  ...
  [255 255 255]
  [255 255 255]
  [255 255 255]]

 [[255 255 255]
  [251 251 251]
  [255 255 255]
  ...
  [255 255 255]
  [255 255 255]
  [255 255 255]]

 [[255 255 255]
  [254 254 254]
  [246 246 246]
  ...
  [255 255 255]
  [255 255 255]
  [255 255 255]]]","IF UNABLE TO INSEAT On THE CATE OADERED, KindLy Notify US AT ONce AND WAIT FOr NEW INSEATION DATE Nocredit",7.9,"IFUNABLE TO INSERT ONTHE DATE ORDERED,KINDLY NOTIFYUSAT ONCE AND WAITFOR NEW INSERTION DATE NO CREDIT",89.5
38,"[[[249 249 249]
  [250 250 250]
  [255 255 255]
  ...
  [250 250 250]
  [254 254 254]
  [255 255 255]]

 [[255 255 255]
  [255 255 255]
  [251 251 251]
  ...
  [249 249 249]
  [253 253 253]
  [255 255 255]]

 [[223 223 223]
  [255 255 255]
  [251 251 251]
  ...
  [253 253 253]
  [255 255 255]
  [252 252 252]]

 ...

 [[255 255 255]
  [253 253 253]
  [223 223 223]
  ...
  [242 242 242]
  [254 254 254]
  [255 255 255]]

 [[245 245 245]
  [255 255 255]
  [245 245 245]
  ...
  [223 223 223]
  [237 237 237]
  [243 243 243]]

 [[255 255 255]
  [249 249 249]
  [255 255 255]
  ...
  [248 248 248]
  [255 255 255]
  [255 255 255]]]",PO /7219,70.5,PO#7219,95.7
39,"[[[233 233 233]
  [227 227 227]
  [255 255 255]
  ...
  [250 250 250]
  [246 246 246]
  [255 255 255]]

 [[236 236 236]
  [234 234 234]
  [254 254 254]
  ...
  [253 253 253]
  [249 249 249]
  [255 255 255]]

 [[244 244 244]
  [245 245 245]
  [192 192 192]
  ...
  [255 255 255]
  [248 248 248]
  [225 225 225]]

 ...

 [[255 255 255]
  [255 255 255]
  [253 253 253]
  ...
  [255 255 255]
  [231 231 231]
  [255 255 255]]

 [[255 255 255]
  [255 255 255]
  [247 247 247]
  ...
  [255 255 255]
  [242 242 242]
  [255 255 255]]

 [[249 249 249]
  [247 247 247]
  [255 255 255]
  ...
  [233 233 233]
  [253 253 253]
  [255 255 255]]]",PSCB,91.8,P5CB,94.3
40,"[[[254 254 254]
  [255 255 255]
  [245 245 245]
  ...
  [251 251 251]
  [252 252 252]
  [255 255 255]]

 [[252 252 252]
  [255 255 255]
  [247 247 247]
  ...
  [255 255 255]
  [255 255 255]
  [255 255 255]]

 [[248 248 248]
  [249 249 249]
  [248 248 248]
  ...
  [249 249 249]
  [249 249 249]
  [252 252 252]]

 ...

 [[254 254 254]
  [249 249 249]
  [250 250 250]
  ...
  [249 249 249]
  [251 251 251]
  [255 255 255]]

 [[252 252 252]
  [252 252 252]
  [249 249 249]
  ...
  [255 255 255]
  [255 255 255]
  [255 255 255]]

 [[245 245 245]
  [255 255 255]
  [248 248 248]
  ...
  [253 253 253]
  [255 255 255]
  [252 252 252]]]",JUNE 1995,74.9,JUNE1995,97.2
41,"[[[255 255 255]
  [255 255 255]
  [255 255 255]
  ...
  [255 255 255]
  [255 255 255]
  [255 255 255]]

 [[255 255 255]
  [255 255 255]
  [255 255 255]
  ...
  [255 255 255]
  [255 255 255]
  [255 255 255]]

 [[252 252 252]
  [255 255 255]
  [253 253 253]
  ...
  [253 253 253]
  [252 252 252]
  [254 254 254]]

 ...

 [[255 255 255]
  [255 255 255]
  [255 255 255]
  ...
  [255 255 255]
  [255 255 255]
  [255 255 255]]

 [[255 255 255]
  [255 255 255]
  [255 255 255]
  ...
  [255 255 255]
  [255 255 255]
  [255 255 255]]

 [[255 255 255]
  [255 255 255]
  [255 255 255]
  ...
  [255 255 255]
  [255 255 255]
  [255 255 255]]]","j FOUNTAIN Couple; 1""""",10.3,FOUNTAINCOUPLE,85.5
42,"[[[252 252 252]
  [254 254 254]
  [253 253 253]
  ...
  [255 255 255]
  [255 255 255]
  [255 255 255]]

 [[255 255 255]
  [255 255 255]
  [254 254 254]
  ...
  [253 253 253]
  [253 253 253]
  [253 253 253]]

 [[244 244 244]
  [255 255 255]
  [255 255 255]
  ...
  [251 251 251]
  [252 252 252]
  [253 253 253]]

 ...

 [[253 253 253]
  [250 250 250]
  [243 243 243]
  ...
  [233 233 233]
  [233 233 233]
  [233 233 233]]

 [[246 246 246]
  [255 255 255]
  [168 168 168]
  ...
  [ 54  54  54]
  [ 54  54  54]
  [ 54  54  54]]

 [[222 222 222]
  [255 255 255]
  [252 252 252]
  ...
  [253 253 253]
  [253 253 253]
  [253 253 253]]]",4#,13.3,AD#:,90.4
43,"[[[255 255 255]
  [255 255 255]
  [255 255 255]
  ...
  [255 255 255]
  [255 255 255]
  [255 255 255]]

 [[254 254 254]
  [254 254 254]
  [254 254 254]
  ...
  [254 254 254]
  [254 254 254]
  [254 254 254]]

 [[255 255 255]
  [255 255 255]
  [255 255 255]
  ...
  [255 255 255]
  [255 255 255]
  [255 255 255]]

 ...

 [[255 255 255]
  [255 255 255]
  [247 247 247]
  ...
  [255 255 255]
  [255 255 255]
  [255 255 255]]

 [[255 255 255]
  [251 251 251]
  [249 249 249]
  ...
  [255 255 255]
  [251 251 251]
  [248 248 248]]

 [[248 248 248]
  [250 250 250]
  [255 255 255]
  ...
  [192 192 192]
  [211 211 211]
  [207 207 207]]]",CAPTICV:,77.9,CAPTION:,95.8
44,"[[[252 252 252]
  [254 254 254]
  [255 255 255]
  ...
  [255 255 255]
  [255 255 255]
  [255 255 255]]

 [[255 255 255]
  [255 255 255]
  [255 255 255]
  ...
  [255 255 255]
  [255 255 255]
  [255 255 255]]

 [[251 251 251]
  [253 253 253]
  [252 252 252]
  ...
  [255 255 255]
  [255 255 255]
  [255 255 255]]

 ...

 [[255 255 255]
  [227 227 227]
  [172 172 172]
  ...
  [181 181 181]
  [255 255 255]
  [255 255 255]]

 [[249 249 249]
  [254 254 254]
  [255 255 255]
  ...
  [232 232 232]
  [244 244 244]
  [242 242 242]]

 [[245 245 245]
  [255 255 255]
  [246 246 246]
  ...
  [255 255 255]
  [254 254 254]
  [255 255 255]]]",SPACE:,17.8,SPACE:,97.1
45,"[[[240 240 240]
  [245 245 245]
  [255 255 255]
  ...
  [253 253 253]
  [254 254 254]
  [245 245 245]]

 [[248 248 248]
  [250 250 250]
  [255 255 255]
  ...
  [253 253 253]
  [255 255 255]
  [251 251 251]]

 [[255 255 255]
  [252 252 252]
  [239 239 239]
  ...
  [250 250 250]
  [248 248 248]
  [255 255 255]]

 ...

 [[255 255 255]
  [255 255 255]
  [245 245 245]
  ...
  [255 255 255]
  [251 251 251]
  [242 242 242]]

 [[250 250 250]
  [253 253 253]
  [255 255 255]
  ...
  [208 208 208]
  [229 229 229]
  [229 229 229]]

 [[ 88  88  88]
  [ 88  88  88]
  [ 85  85  85]
  ...
  [ 62  62  62]
  [ 62  62  62]
  [ 62  62  62]]]",DATE:,88.6,DATE:,93.9
46,"[[[242 242 242]
  [253 253 253]
  [249 249 249]
  ...
  [255 255 255]
  [253 253 253]
  [238 238 238]]

 [[255 255 255]
  [234 234 234]
  [255 255 255]
  ...
  [237 237 237]
  [255 255 255]
  [244 244 244]]

 [[236 236 236]
  [255 255 255]
  [250 250 250]
  ...
  [248 248 248]
  [238 238 238]
  [255 255 255]]

 ...

 [[235 235 235]
  [255 255 255]
  [251 251 251]
  ...
  [ 85  85  85]
  [208 208 208]
  [251 251 251]]

 [[236 236 236]
  [255 255 255]
  [230 230 230]
  ...
  [255 255 255]
  [255 255 255]
  [255 255 255]]

 [[255 255 255]
  [255 255 255]
  [246 246 246]
  ...
  [255 255 255]
  [255 255 255]
  [255 255 255]]]",APPROVAL FROMLORILIAaDMeDiA SERMIZES,3.5,APPROVAL FROM LORILLARD MEDIA SERVICES,93.3
47,"[[[255 255 255]
  [213 213 213]
  [255 255 255]
  ...
  [255 255 255]
  [255 255 255]
  [255 255 255]]

 [[225 225 225]
  [255 255 255]
  [248 248 248]
  ...
  [255 255 255]
  [255 255 255]
  [255 255 255]]

 [[255 255 255]
  [254 254 254]
  [250 250 250]
  ...
  [255 255 255]
  [255 255 255]
  [255 255 255]]

 ...

 [[255 255 255]
  [234 234 234]
  [251 251 251]
  ...
  [255 255 255]
  [254 254 254]
  [253 253 253]]

 [[242 242 242]
  [253 253 253]
  [249 249 249]
  ...
  [244 244 244]
  [246 246 246]
  [253 253 253]]

 [[255 255 255]
  [234 234 234]
  [255 255 255]
  ...
  [249 249 249]
  [247 247 247]
  [244 244 244]]]","CCRAECT, UNDEENQ CIRCLHETANCES AREJOYCLEUNSUBSITUTEMATERALS_ALTEIORONIANYCQEYWTHCUT PRICR",8.9,CORRECT.UNDER NO CIRCUMSTANCES ARE TO YCU RUN SUBSTITUTEMATERIALS ALTER OR OMIT ANY COPY WITHOUT PRIOR,91.2
48,"[[[253 253 253]
  [246 246 246]
  [255 255 255]
  ...
  [255 255 255]
  [255 255 255]
  [255 255 255]]

 [[255 255 255]
  [237 237 237]
  [255 255 255]
  ...
  [243 243 243]
  [255 255 255]
  [254 254 254]]

 [[239 239 239]
  [245 245 245]
  [255 255 255]
  ...
  [254 254 254]
  [255 255 255]
  [224 224 224]]

 ...

 [[225 225 225]
  [255 255 255]
  [248 248 248]
  ...
  [255 255 255]
  [242 242 242]
  [255 255 255]]

 [[255 255 255]
  [254 254 254]
  [250 250 250]
  ...
  [244 244 244]
  [255 255 255]
  [246 246 246]]

 [[253 253 253]
  [255 255 255]
  [248 248 248]
  ...
  [227 227 227]
  [219 219 219]
  [223 223 223]]]","Which MUsT APPEAA IN ALL CIQARETTE ADveRTSING, CHECK MATER IAL YoU Receive AGAINST THe PrOOf To BE SUREtt Is",2.5,WHICH MUSTAPPEARIN ALL CIGARETTE ADVERTISING.CHECK MATERIAL YOU RECEIVE AGAINSTTHE PROOFTO SE SURETS,90.7
49,"[[[255 255 255]
  [255 255 255]
  [255 255 255]
  ...
  [251 251 251]
  [253 253 253]
  [250 250 250]]

 [[255 255 255]
  [255 255 255]
  [255 255 255]
  ...
  [255 255 255]
  [249 249 249]
  [253 253 253]]

 [[255 255 255]
  [255 255 255]
  [255 255 255]
  ...
  [245 245 245]
  [238 238 238]
  [255 255 255]]

 ...

 [[255 255 255]
  [255 255 255]
  [244 244 244]
  ...
  [255 255 255]
  [255 255 255]
  [254 254 254]]

 [[240 240 240]
  [254 254 254]
  [241 241 241]
  ...
  [254 254 254]
  [244 244 244]
  [249 249 249]]

 [[252 252 252]
  [255 255 255]
  [255 255 255]
  ...
  [127 127 127]
  [ 75  75  75]
  [ 68  68  68]]]",This ADVEATISE'ENT COMpLIES WthTke TTC RECUIREMENT FCRA WARNING STAJEMENT AXD TAR' ANDRICCTINE UNe,2.2,THIS ADVERTISEMENT COMPLIES WITHTHE TC RECUIREMENT FORA WARNING STATEMENT AND TARAND NICOTINE LNE,92.4
50,"[[[255 255 255]
  [255 255 255]
  [255 255 255]
  ...
  [255 255 255]
  [255 255 255]
  [255 255 255]]

 [[255 255 255]
  [255 255 255]
  [255 255 255]
  ...
  [255 255 255]
  [255 255 255]
  [255 255 255]]

 [[255 255 255]
  [255 255 255]
  [245 245 245]
  ...
  [235 235 235]
  [240 240 240]
  [248 248 248]]

 ...

 [[255 255 255]
  [255 255 255]
  [246 246 246]
  ...
  [253 253 253]
  [251 251 251]
  [246 246 246]]

 [[253 253 253]
  [253 253 253]
  [242 242 242]
  ...
  [255 255 255]
  [249 249 249]
  [245 245 245]]

 [[216 216 216]
  [216 216 216]
  [225 225 225]
  ...
  [120 120 120]
  [106 106 106]
  [108 108 108]]]",Newpoat,69.0,NEWPORT,99.5
51,"[[[255 255 255]
  [255 255 255]
  [255 255 255]
  ...
  [255 255 255]
  [255 255 255]
  [255 255 255]]

 [[255 255 255]
  [255 255 255]
  [255 255 255]
  ...
  [255 255 255]
  [255 255 255]
  [255 255 255]]

 [[241 241 241]
  [247 247 247]
  [252 252 252]
  ...
  [255 255 255]
  [252 252 252]
  [246 246 246]]

 ...

 [[248 248 248]
  [255 255 255]
  [255 255 255]
  ...
  [255 255 255]
  [255 255 255]
  [249 249 249]]

 [[241 241 241]
  [252 252 252]
  [243 243 243]
  ...
  [254 254 254]
  [255 255 255]
  [255 255 255]]

 [[255 255 255]
  [249 249 249]
  [239 239 239]
  ...
  [249 249 249]
  [244 244 244]
  [229 229 229]]]",PFODUCT:,58.0,PRODUCT:,97.7
52,"[[[246 246 246]
  [255 255 255]
  [255 255 255]
  ...
  [255 255 255]
  [255 255 255]
  [255 255 255]]

 [[249 249 249]
  [255 255 255]
  [246 246 246]
  ...
  [255 255 255]
  [255 255 255]
  [255 255 255]]

 [[255 255 255]
  [240 240 240]
  [255 255 255]
  ...
  [251 251 251]
  [252 252 252]
  [249 249 249]]

 ...

 [[246 246 246]
  [250 250 250]
  [255 255 255]
  ...
  [251 251 251]
  [254 254 254]
  [254 254 254]]

 [[233 233 233]
  [245 245 245]
  [245 245 245]
  ...
  [255 255 255]
  [255 255 255]
  [254 254 254]]

 [[255 255 255]
  [252 252 252]
  [250 250 250]
  ...
  [255 255 255]
  [255 255 255]
  [254 254 254]]]",ATTN: Joyce winston,50.3,ATTN:JOYCE WINSTON,93.6
53,"[[[255 255 255]
  [255 255 255]
  [255 255 255]
  ...
  [235 235 235]
  [255 255 255]
  [255 255 255]]

 [[249 249 249]
  [249 249 249]
  [246 246 246]
  ...
  [255 255 255]
  [233 233 233]
  [233 233 233]]

 [[248 248 248]
  [255 255 255]
  [255 255 255]
  ...
  [255 255 255]
  [249 249 249]
  [255 255 255]]

 ...

 [[238 238 238]
  [254 254 254]
  [250 250 250]
  ...
  [255 255 255]
  [255 255 255]
  [240 240 240]]

 [[250 250 250]
  [255 255 255]
  [255 255 255]
  ...
  [249 249 249]
  [236 236 236]
  [250 250 250]]

 [[255 255 255]
  [255 255 255]
  [249 249 249]
  ...
  [255 255 255]
  [255 255 255]
  [255 255 255]]]","NEW YORK, NY 10038",36.9,NEW YORK.NY 10036,90.3
54,"[[[255 255 255]
  [255 255 255]
  [255 255 255]
  ...
  [255 255 255]
  [255 255 255]
  [255 255 255]]

 [[255 255 255]
  [255 255 255]
  [254 254 254]
  ...
  [254 254 254]
  [255 255 255]
  [255 255 255]]

 [[255 255 255]
  [243 243 243]
  [255 255 255]
  ...
  [253 253 253]
  [250 250 250]
  [249 249 249]]

 ...

 [[255 255 255]
  [252 252 252]
  [252 252 252]
  ...
  [246 246 246]
  [238 238 238]
  [244 244 244]]

 [[255 255 255]
  [255 255 255]
  [246 246 246]
  ...
  [248 248 248]
  [255 255 255]
  [255 255 255]]

 [[255 255 255]
  [255 255 255]
  [225 225 225]
  ...
  [255 255 255]
  [249 249 249]
  [175 175 175]]]",AdverTISER:,20.3,ADVERTISER:,97.8
55,"[[[255 255 255]
  [255 255 255]
  [255 255 255]
  ...
  [255 255 255]
  [255 255 255]
  [255 255 255]]

 [[255 255 255]
  [255 255 255]
  [255 255 255]
  ...
  [255 255 255]
  [255 255 255]
  [255 255 255]]

 [[255 255 255]
  [255 255 255]
  [253 253 253]
  ...
  [250 250 250]
  [255 255 255]
  [255 255 255]]

 ...

 [[255 255 255]
  [255 255 255]
  [248 248 248]
  ...
  [248 248 248]
  [254 254 254]
  [254 254 254]]

 [[255 255 255]
  [255 255 255]
  [243 243 243]
  ...
  [255 255 255]
  [255 255 255]
  [248 248 248]]

 [[255 255 255]
  [255 255 255]
  [250 250 250]
  ...
  [246 246 246]
  [241 241 241]
  [255 255 255]]]",LORILLiAd,30.8,LORILLAAD,97.1
56,"[[[247 247 247]
  [255 255 255]
  [243 243 243]
  ...
  [255 255 255]
  [254 254 254]
  [246 246 246]]

 [[252 252 252]
  [241 241 241]
  [255 255 255]
  ...
  [254 254 254]
  [255 255 255]
  [239 239 239]]

 [[248 248 248]
  [255 255 255]
  [255 255 255]
  ...
  [255 255 255]
  [220 220 220]
  [255 255 255]]

 ...

 [[253 253 253]
  [252 252 252]
  [246 246 246]
  ...
  [251 251 251]
  [247 247 247]
  [248 248 248]]

 [[255 255 255]
  [252 252 252]
  [241 241 241]
  ...
  [255 255 255]
  [255 255 255]
  [255 255 255]]

 [[255 255 255]
  [255 255 255]
  [245 245 245]
  ...
  [255 255 255]
  [253 253 253]
  [253 253 253]]]",1500 BAOADWAY,58.6,1500 BROADWAY,93.4
57,"[[[254 254 254]
  [255 255 255]
  [255 255 255]
  ...
  [255 255 255]
  [245 245 245]
  [255 255 255]]

 [[253 253 253]
  [254 254 254]
  [255 255 255]
  ...
  [246 246 246]
  [244 244 244]
  [254 254 254]]

 [[248 248 248]
  [240 240 240]
  [246 246 246]
  ...
  [250 250 250]
  [255 255 255]
  [239 239 239]]

 ...

 [[245 245 245]
  [255 255 255]
  [220 220 220]
  ...
  [255 255 255]
  [255 255 255]
  [250 250 250]]

 [[251 251 251]
  [237 237 237]
  [248 248 248]
  ...
  [252 252 252]
  [244 244 244]
  [255 255 255]]

 [[255 255 255]
  [255 255 255]
  [226 226 226]
  ...
  [255 255 255]
  [255 255 255]
  [255 255 255]]]",ESSENCE,99.8,ESSENCE,99.6
58,"[[[250 250 250]
  [255 255 255]
  [235 235 235]
  [246 246 246]
  [255 255 255]
  [247 247 247]
  [239 239 239]
  [253 253 253]
  [255 255 255]
  [238 238 238]
  [242 242 242]
  [255 255 255]
  [230 230 230]
  [255 255 255]
  [235 235 235]
  [248 248 248]
  [255 255 255]
  [255 255 255]
  [240 240 240]
  [255 255 255]]

 [[217 217 217]
  [242 242 242]
  [255 255 255]
  [255 255 255]
  [251 251 251]
  [255 255 255]
  [255 255 255]
  [246 246 246]
  [249 249 249]
  [255 255 255]
  [231 231 231]
  [255 255 255]
  [255 255 255]
  [255 255 255]
  [255 255 255]
  [255 255 255]
  [226 226 226]
  [255 255 255]
  [255 255 255]
  [248 248 248]]

 [[255 255 255]
  [255 255 255]
  [243 243 243]
  [244 244 244]
  [244 244 244]
  [243 243 243]
  [255 255 255]
  [255 255 255]
  [238 238 238]
  [255 255 255]
  [255 255 255]
  [255 255 255]
  [246 246 246]
  [232 232 232]
  [244 244 244]
  [251 251 251]
  [242 242 242]
  [252 252 252]
  [251 251 251]
  [244 244 244]]

 [[238 238 238]
  [254 254 254]
  [223 223 223]
  [ 82  82  82]
  [ 73  73  73]
  [ 60  60  60]
  [ 29  29  29]
  [102 102 102]
  [248 248 248]
  [245 245 245]
  [134 134 134]
  [ 37  37  37]
  [ 78  78  78]
  [215 215 215]
  [255 255 255]
  [252 252 252]
  [255 255 255]
  [248 248 248]
  [239 239 239]
  [255 255 255]]

 [[255 255 255]
  [238 238 238]
  [254 254 254]
  [227 227 227]
  [145 145 145]
  [  0   0   0]
  [176 176 176]
  [224 224 224]
  [239 239 239]
  [115 115 115]
  [ 94  94  94]
  [231 231 231]
  [198 198 198]
  [ 27  27  27]
  [131 131 131]
  [255 255 255]
  [195 195 195]
  [255 255 255]
  [247 247 247]
  [255 255 255]]

 [[249 249 249]
  [254 254 254]
  [255 255 255]
  [239 239 239]
  [246 246 246]
  [ 75  75  75]
  [233 233 233]
  [255 255 255]
  [148 148 148]
  [124 124 124]
  [252 252 252]
  [254 254 254]
  [255 255 255]
  [188 188 188]
  [ 79  79  79]
  [250 250 250]
  [ 44  44  44]
  [255 255 255]
  [255 255 255]
  [248 248 248]]

 [[255 255 255]
  [251 251 251]
  [254 254 254]
  [250 250 250]
  [251 251 251]
  [ 90  90  90]
  [236 236 236]
  [245 245 245]
  [146 146 146]
  [123 123 123]
  [242 242 242]
  [255 255 255]
  [242 242 242]
  [198 198 198]
  [ 80  80  80]
  [252 252 252]
  [218 218 218]
  [255 255 255]
  [250 250 250]
  [248 248 248]]

 [[251 251 251]
  [250 250 250]
  [255 255 255]
  [255 255 255]
  [225 225 225]
  [ 48  48  48]
  [249 249 249]
  [255 255 255]
  [186 186 186]
  [ 97  97  97]
  [252 252 252]
  [244 244 244]
  [255 255 255]
  [145 145 145]
  [ 68  68  68]
  [255 255 255]
  [234 234 234]
  [255 255 255]
  [247 247 247]
  [255 255 255]]

 [[249 249 249]
  [252 252 252]
  [250 250 250]
  [247 247 247]
  [194 194 194]
  [ 19  19  19]
  [228 228 228]
  [251 251 251]
  [255 255 255]
  [ 98  98  98]
  [110 110 110]
  [175 175 175]
  [ 92  92  92]
  [ 18  18  18]
  [153 153 153]
  [238 238 238]
  [102 102 102]
  [227 227 227]
  [242 242 242]
  [250 250 250]]

 [[252 252 252]
  [255 255 255]
  [248 248 248]
  [252 252 252]
  [239 239 239]
  [123 123 123]
  [255 255 255]
  [245 245 245]
  [255 255 255]
  [255 255 255]
  [139 139 139]
  [ 66  66  66]
  [ 50  50  50]
  [198 198 198]
  [255 255 255]
  [255 255 255]
  [109 109 109]
  [242 242 242]
  [255 255 255]
  [241 241 241]]

 [[255 255 255]
  [255 255 255]
  [255 255 255]
  [253 253 253]
  [255 255 255]
  [231 231 231]
  [255 255 255]
  [255 255 255]
  [240 240 240]
  [245 245 245]
  [255 255 255]
  [251 251 251]
  [247 247 247]
  [255 255 255]
  [246 246 246]
  [250 250 250]
  [255 255 255]
  [255 255 255]
  [255 255 255]
  [255 255 255]]

 [[255 255 255]
  [246 246 246]
  [255 255 255]
  [243 243 243]
  [251 251 251]
  [255 255 255]
  [235 235 235]
  [247 247 247]
  [255 255 255]
  [255 255 255]
  [250 250 250]
  [223 223 223]
  [255 255 255]
  [255 255 255]
  [244 244 244]
  [232 232 232]
  [255 255 255]
  [244 244 244]
  [249 249 249]
  [245 245 245]]]",To;,85.3,TO:,91.6
59,"[[[250 250 250]
  [255 255 255]
  [248 248 248]
  ...
  [255 255 255]
  [255 255 255]
  [255 255 255]]

 [[247 247 247]
  [255 255 255]
  [252 252 252]
  ...
  [255 255 255]
  [255 255 255]
  [255 255 255]]

 [[255 255 255]
  [173 173 173]
  [126 126 126]
  ...
  [255 255 255]
  [255 255 255]
  [255 255 255]]

 ...

 [[243 243 243]
  [ 75  75  75]
  [ 56  56  56]
  ...
  [254 254 254]
  [253 253 253]
  [249 249 249]]

 [[244 244 244]
  [255 255 255]
  [255 255 255]
  ...
  [255 255 255]
  [255 255 255]
  [246 246 246]]

 [[251 251 251]
  [255 255 255]
  [246 246 246]
  ...
  [245 245 245]
  [255 255 255]
  [255 255 255]]]",DaTE:,22.1,DATE:,94.7
60,"[[[255 255 255]
  [255 255 255]
  [255 255 255]
  ...
  [255 255 255]
  [255 255 255]
  [255 255 255]]

 [[255 255 255]
  [255 255 255]
  [255 255 255]
  ...
  [255 255 255]
  [255 255 255]
  [255 255 255]]

 [[255 255 255]
  [255 255 255]
  [255 255 255]
  ...
  [255 255 255]
  [253 253 253]
  [255 255 255]]

 ...

 [[245 245 245]
  [254 254 254]
  [249 249 249]
  ...
  [255 255 255]
  [251 251 251]
  [253 253 253]]

 [[248 248 248]
  [255 255 255]
  [255 255 255]
  ...
  [255 255 255]
  [253 253 253]
  [255 255 255]]

 [[255 255 255]
  [254 254 254]
  [247 247 247]
  ...
  [246 246 246]
  [250 250 250]
  [251 251 251]]]","MARCH 17, 1995",94.9,MARCH17.1995,95.2
61,"[[[255 255 255]
  [255 255 255]
  [255 255 255]
  ...
  [255 255 255]
  [255 255 255]
  [255 255 255]]

 [[247 247 247]
  [255 255 255]
  [255 255 255]
  ...
  [250 250 250]
  [253 253 253]
  [255 255 255]]

 [[255 255 255]
  [253 253 253]
  [250 250 250]
  ...
  [255 255 255]
  [239 239 239]
  [255 255 255]]

 ...

 [[246 246 246]
  [247 247 247]
  [240 240 240]
  ...
  [  9   9   9]
  [  0   0   0]
  [142 142 142]]

 [[247 247 247]
  [242 242 242]
  [156 156 156]
  ...
  [195 195 195]
  [183 183 183]
  [233 233 233]]

 [[255 255 255]
  [226 226 226]
  [191 191 191]
  ...
  [255 255 255]
  [252 252 252]
  [255 255 255]]]",MAGAZINE INSERTION QRDER,90.6,MAGAZINE INSERTION ORDER,96.6
62,"[[[255 255 255]
  [255 255 255]
  [255 255 255]
  ...
  [255 255 255]
  [255 255 255]
  [255 255 255]]

 [[255 255 255]
  [255 255 255]
  [255 255 255]
  ...
  [246 246 246]
  [252 252 252]
  [255 255 255]]

 [[248 248 248]
  [255 255 255]
  [249 249 249]
  ...
  [255 255 255]
  [255 255 255]
  [247 247 247]]

 ...

 [[255 255 255]
  [254 254 254]
  [162 162 162]
  ...
  [247 247 247]
  [249 249 249]
  [255 255 255]]

 [[255 255 255]
  [255 255 255]
  [255 255 255]
  ...
  [255 255 255]
  [255 255 255]
  [255 255 255]]

 [[255 255 255]
  [255 255 255]
  [255 255 255]
  ...
  [255 255 255]
  [255 255 255]
  [255 255 255]]]","ONE PARK AVENUE, NEW YORK, NY 10016-5896",60.9,"ONE PARK AVENUE,NEW YORK,NY 10016-5896",92.3
63,"[[[249 249 249]
  [252 252 252]
  [248 248 248]
  ...
  [246 246 246]
  [255 255 255]
  [240 240 240]]

 [[254 254 254]
  [255 255 255]
  [249 249 249]
  ...
  [249 249 249]
  [252 252 252]
  [255 255 255]]

 [[250 250 250]
  [255 255 255]
  [251 251 251]
  ...
  [255 255 255]
  [235 235 235]
  [252 252 252]]

 ...

 [[253 253 253]
  [255 255 255]
  [225 225 225]
  ...
  [255 255 255]
  [232 232 232]
  [254 254 254]]

 [[250 250 250]
  [246 246 246]
  [254 254 254]
  ...
  [252 252 252]
  [255 255 255]
  [238 238 238]]

 [[242 242 242]
  [255 255 255]
  [255 255 255]
  ...
  [255 255 255]
  [255 255 255]
  [235 235 235]]]",LORILLARD MEDIA SERVICES,96.6,LORILLARD MEDIA SERVICES,94.9
